<Backups xmlns="http://www.microsoft.com/GroupPolicy/GPOOperations/Manifest" xmlns:mfst="http://www.microsoft.com/GroupPolicy/GPOOperations/Manifest" mfst:version="1.0"><BackupInst><GPOGuid><![CDATA[{6ac1786c-016f-11d2-945f-00c04fb984f9}]]></GPOGuid><GPODomain><![CDATA[ad.wellston.biz]]></GPODomain><GPODomainGuid><![CDATA[{832d5537-3685-4ab8-a010-78a1b87be0ec}]]></GPODomainGuid><GPODomainController><![CDATA[HOMEDC.ad.wellston.biz]]></GPODomainController><BackupTime><![CDATA[2017-04-21T19:35:39]]></BackupTime><ID><![CDATA[{D36F6C55-581A-45C7-AF53-6DB7830D8C92}]]></ID><Comment><![CDATA[]]></Comment><GPODisplayName><![CDATA[Default Domain Controllers Policy]]></GPODisplayName></BackupInst></Backups>