<BackupInst xmlns="http://www.microsoft.com/GroupPolicy/GPOOperations/Manifest"><GPOGuid><![CDATA[{31b2f340-016d-11d2-945f-00c04fb984f9}]]></GPOGuid><GPODomain><![CDATA[ad.wellston.biz]]></GPODomain><GPODomainGuid><![CDATA[{832d5537-3685-4ab8-a010-78a1b87be0ec}]]></GPODomainGuid><GPODomainController><![CDATA[HOMEDC.ad.wellston.biz]]></GPODomainController><BackupTime><![CDATA[2017-04-21T19:35:38]]></BackupTime><ID><![CDATA[{1E551D7A-13FA-47E4-9A83-CC81164898A7}]]></ID><Comment><![CDATA[]]></Comment><GPODisplayName><![CDATA[Default Domain Policy]]></GPODisplayName></BackupInst>
